length_m,baseline_speed_kph,is_braking_zone,is_drs_zone
575.3838330673814,327.8416081789042,0,0
575.3838330673814,178.71602485648958,1,0
575.3838330673814,289.6330926356255,0,0
575.3838330673814,215.18298507980958,1,0
575.3838330673816,220.70306114406992,0,0
575.3838330673811,274.9380464543929,0,0
575.3838330673811,271.1528608686857,1,0
575.3838330673816,281.7462987773358,0,0
575.3838330673816,281.0295401385461,0,0
575.3838330673807,269.6577018617509,0,0
