length_m,baseline_speed_kph,is_braking_zone,is_drs_zone
572.5033857241299,331.7763216997814,0,0
572.5033857241299,177.14220372660947,1,0
572.5033857241299,287.81398010103277,0,0
572.5033857241299,206.1041301744554,1,0
572.5033857241297,224.22235322307083,1,0
572.5033857241301,273.1074144141224,0,0
572.5033857241301,269.0281057379853,0,0
572.5033857241292,283.12638483905675,0,0
572.5033857241297,284.06961412412943,1,0
572.5033857241306,271.9079408465384,0,0
